date_week,sku_cde,cost_price,regular_price,regular_volume,promo_price,promo_volume
2020-02-09,62875832,68.0,140.0,10.0,,0.0
2020-02-09,84630314,180.0,300.0,10.0,,0.0
2020-02-09,95208654,26.0,56.0,40.0,,0.0
2020-02-09,111708109,80.0,,0.0,109.95,10.0
2020-02-16,73267284,94.0,205.0,20.0,,0.0
2020-02-16,95208654,26.0,56.0,200.0,,0.0
2020-02-16,62875832,68.0,140.0,50.0,,0.0
2020-02-16,84630314,180.0,300.0,290.0,,0.0
2020-02-16,11990782,52.0,,0.0,149.95,150.0
2020-02-16,111708109,80.0,,0.0,109.95,480.0
2020-02-16,12062063,50.0,,0.0,169.95,350.0
2020-02-23,11990782,52.0,,0.0,149.95,280.0
2020-02-23,111708109,80.0,135.0,190.0,109.95,80.0
2020-02-23,95208654,26.0,56.0,160.0,,0.0
2020-02-23,73267284,94.0,205.0,40.0,,0.0
2020-02-23,12062063,58.0,,0.0,149.95,470.0
2020-02-23,84630314,180.0,300.0,300.0,,0.0
2020-02-23,62875832,68.0,140.0,100.0,,0.0
2020-03-01,95208654,26.0,56.0,140.0,,0.0
2020-03-01,73267284,94.0,205.0,90.0,,0.0
2020-03-01,11990782,54.0,,0.0,149.95,210.0
2020-03-01,62875832,68.0,140.0,110.0,,0.0
2020-03-01,84630314,180.0,300.0,240.0,,0.0
2020-03-01,12062063,62.0,,0.0,149.95,450.0
2020-03-01,111708109,80.0,135.0,110.0,,0.0
2020-03-08,111708109,80.0,135.0,250.0,,0.0
2020-03-08,73267284,93.0,205.0,240.0,,0.0
2020-03-08,11990782,79.0,,0.0,149.95,440.0
2020-03-08,12062063,70.0,,0.0,149.95,380.0
2020-03-08,84630314,180.0,300.0,280.0,,0.0
2020-03-08,62875832,68.0,140.0,150.0,,0.0
2020-03-08,95208654,26.0,50.0,120.0,,0.0
2020-03-15,62875832,70.0,140.0,150.0,,0.0
2020-03-15,84630314,180.0,300.0,320.0,,0.0
2020-03-15,73267284,92.0,205.0,600.0,,0.0
2020-03-15,111708109,81.0,135.0,80.0,104.95,1150.0
2020-03-15,11990782,89.0,180.0,530.0,149.95,50.0
2020-03-15,12062063,86.0,200.0,230.0,149.95,50.0
2020-03-15,95208654,26.0,50.0,150.0,36.95,120.0
2020-03-22,12062063,90.0,200.0,330.0,,0.0
2020-03-22,95208654,27.0,,0.0,36.95,330.0
2020-03-22,11990782,89.0,180.0,400.0,,0.0
2020-03-22,73267284,92.0,205.0,90.0,,0.0
2020-03-22,84630314,180.0,300.0,250.0,,0.0
2020-03-22,62875832,71.0,140.0,350.0,,0.0
2020-03-22,111708109,84.0,,0.0,104.95,2610.0
2020-03-29,111708109,84.0,,0.0,104.95,890.0
2020-03-29,95208654,29.0,,0.0,36.95,110.0
2020-03-29,84630314,180.0,300.0,70.0,,0.0
2020-03-29,73267284,92.0,205.0,50.0,,0.0
2020-03-29,12062063,92.0,200.0,120.0,,0.0
2020-03-29,62875832,71.0,140.0,170.0,,0.0
2020-03-29,11990782,90.0,180.0,280.0,,0.0
2020-04-05,111708109,84.0,,0.0,104.95,900.0
2020-04-05,62875832,72.0,140.0,110.0,,0.0
2020-04-05,84630314,180.0,300.0,170.0,,0.0
2020-04-05,12062063,94.0,200.0,200.0,,0.0
2020-04-05,11990782,90.0,180.0,90.0,,0.0
2020-04-05,95208654,29.0,,0.0,36.95,170.0
2020-04-12,84630314,180.0,300.0,250.0,,0.0
2020-04-12,12062063,94.0,200.0,190.0,,0.0
2020-04-12,111708109,84.0,135.0,220.0,104.95,350.0
2020-04-12,11990782,91.0,180.0,210.0,,0.0
2020-04-12,95208654,29.0,50.0,130.0,,0.0
2020-04-12,62875832,72.0,140.0,40.0,119.95,180.0
2020-04-19,62875832,72.0,,0.0,119.95,580.0
2020-04-19,111708109,84.0,135.0,300.0,,0.0
2020-04-19,84630314,180.0,300.0,200.0,,0.0
2020-04-19,95208654,29.0,50.0,280.0,,0.0
2020-04-19,12062063,94.0,200.0,300.0,,0.0
2020-04-19,11990782,91.0,180.0,230.0,,0.0
2020-04-26,12062063,94.0,200.0,120.0,,0.0
2020-04-26,95208654,29.0,50.0,240.0,,0.0
2020-04-26,73267284,92.0,205.0,30.0,,0.0
2020-04-26,111708109,84.0,135.0,270.0,,0.0
2020-04-26,11990782,91.0,180.0,270.0,,0.0
2020-04-26,130680236,105.0,220.0,10.0,,0.0
2020-04-26,84630314,180.0,300.0,200.0,,0.0
2020-04-26,62875832,72.0,,0.0,119.95,780.0
2020-05-03,73267284,92.0,205.0,20.0,,0.0
2020-05-03,111708109,86.0,135.0,280.0,,0.0
2020-05-03,62875832,73.0,,0.0,119.95,870.0
2020-05-03,84630314,180.0,300.0,250.0,,0.0
2020-05-03,11990782,91.0,180.0,140.0,,0.0
2020-05-03,95208654,29.0,50.0,40.0,39.95,250.0
2020-05-03,12062063,95.0,200.0,230.0,,0.0
2020-05-10,62875832,73.0,,0.0,119.95,850.0
2020-05-10,111708109,91.0,135.0,240.0,,0.0
2020-05-10,95208654,29.0,,0.0,39.95,430.0
2020-05-10,84630314,180.0,300.0,290.0,,0.0
2020-05-10,137353695,50.0,180.0,30.0,,0.0
2020-05-10,11990782,91.0,180.0,130.0,,0.0
2020-05-10,12062063,95.0,200.0,170.0,,0.0
2020-05-17,12062063,95.0,200.0,140.0,159.95,120.0
2020-05-17,84630314,180.0,300.0,290.0,259.95,120.0
2020-05-17,73267284,92.0,205.0,60.0,,0.0
2020-05-17,11990782,91.0,180.0,110.0,159.95,30.0
2020-05-17,95208654,29.0,,0.0,39.95,470.0
2020-05-17,62875832,73.0,140.0,90.0,119.95,370.0
2020-05-17,111708109,91.0,135.0,10.0,109.95,710.0
2020-05-17,137353695,50.0,180.0,40.0,,0.0
2020-05-24,130680236,105.0,220.0,20.0,,0.0
2020-05-24,73267284,92.0,205.0,10.0,,0.0
2020-05-24,111708109,91.0,,0.0,109.95,1580.0
2020-05-24,95208654,29.0,,0.0,44.95,150.0
2020-05-24,137353695,50.0,180.0,30.0,,0.0
2020-05-24,84630314,180.0,,0.0,259.95,560.0
2020-05-24,11990782,91.0,,0.0,159.95,290.0
2020-05-24,12062063,95.0,,0.0,159.95,200.0
2020-05-24,62875832,73.0,140.0,60.0,,0.0
2020-05-31,73267284,92.0,205.0,10.0,,0.0
2020-05-31,11990782,91.0,,0.0,159.95,160.0
2020-05-31,84630314,180.0,,0.0,259.95,600.0
2020-05-31,12062063,95.0,,0.0,159.95,390.0
2020-05-31,95208654,29.0,,0.0,44.95,330.0
2020-05-31,130680236,105.0,220.0,20.0,,0.0
2020-05-31,111708109,91.0,,0.0,109.95,1180.0
2020-05-31,62875832,73.0,140.0,60.0,,0.0
2020-06-07,137353695,50.0,180.0,10.0,,0.0
2020-06-07,95208654,29.0,,0.0,44.95,350.0
2020-06-07,111708109,92.0,,0.0,109.95,1040.0
2020-06-07,11990782,91.0,,0.0,159.95,140.0
2020-06-07,84630314,180.0,,0.0,259.95,440.0
2020-06-07,12062063,95.0,,0.0,159.95,200.0
2020-06-07,73267284,92.0,205.0,20.0,,0.0
2020-06-07,62875832,73.0,140.0,220.0,,0.0
2020-06-07,130680236,105.0,220.0,10.0,,0.0
2020-06-14,12062063,95.0,,0.0,154.95,120.0
2020-06-14,62875832,73.0,140.0,60.0,119.95,200.0
2020-06-14,84630314,180.0,300.0,80.0,259.95,160.0
2020-06-14,137353695,50.0,180.0,10.0,,0.0
2020-06-14,111708109,92.0,135.0,140.0,109.95,410.0
2020-06-14,73267284,92.0,,0.0,169.95,10.0
2020-06-14,95208654,29.0,50.0,40.0,44.95,90.0
2020-06-14,11990782,91.0,,0.0,154.95,160.0
2020-06-21,62875832,73.0,,0.0,119.95,480.0
2020-06-21,11990782,91.0,,0.0,149.95,250.0
2020-06-21,137353695,50.0,180.0,20.0,,0.0
2020-06-21,130680236,105.0,220.0,30.0,,0.0
2020-06-21,111708109,92.0,135.0,540.0,,0.0
2020-06-21,95208654,29.0,50.0,150.0,,0.0
2020-06-21,73267284,92.0,,0.0,169.95,20.0
2020-06-21,84630314,180.0,300.0,390.0,,0.0
2020-06-21,12062063,96.0,,0.0,149.95,320.0
2020-06-28,84630314,180.0,300.0,480.0,,0.0
2020-06-28,95208654,29.0,50.0,240.0,,0.0
2020-06-28,11990782,91.0,,0.0,149.95,340.0
2020-06-28,62875832,73.0,,0.0,119.95,840.0
2020-06-28,137353695,50.0,180.0,30.0,,0.0
2020-06-28,12062063,97.0,,0.0,149.95,270.0
2020-06-28,111708109,92.0,147.0,300.0,,0.0
2020-06-28,73267284,92.0,,0.0,169.95,90.0
2020-07-05,130680236,105.0,220.0,20.0,,0.0
2020-07-05,84630314,181.0,300.0,220.0,,0.0
2020-07-05,95208654,29.0,50.0,330.0,,0.0
2020-07-05,12062063,98.0,,0.0,149.95,430.0
2020-07-05,137353695,50.0,180.0,70.0,,0.0
2020-07-05,73267284,92.0,,0.0,169.95,50.0
2020-07-05,62875832,73.0,,0.0,119.95,500.0
2020-07-05,111708109,92.0,147.0,500.0,,0.0
2020-07-05,11990782,91.0,,0.0,149.95,340.0
2020-07-12,130680236,105.0,220.0,20.0,,0.0
2020-07-12,11990782,91.0,180.0,170.0,149.95,280.0
2020-07-12,84630314,181.0,300.0,130.0,249.95,200.0
2020-07-12,95208654,29.0,50.0,270.0,,0.0
2020-07-12,12062063,98.0,200.0,100.0,169.95,170.0
2020-07-12,73267284,92.0,205.0,10.0,,0.0
2020-07-12,62875832,73.0,140.0,40.0,,0.0
2020-07-12,137353695,50.0,180.0,20.0,,0.0
2020-07-12,111708109,92.0,150.0,330.0,119.95,350.0
2020-07-19,73267284,92.0,205.0,50.0,,0.0
2020-07-19,111708109,92.0,,0.0,119.95,1210.0
2020-07-19,12062063,98.0,,0.0,179.95,300.0
2020-07-19,84630314,182.0,,0.0,249.95,270.0
2020-07-19,11990782,91.0,,0.0,149.95,350.0
2020-07-19,62875832,74.0,140.0,50.0,,0.0
2020-07-19,130680236,105.0,220.0,10.0,,0.0
2020-07-19,95208654,29.0,50.0,260.0,,0.0
2020-07-26,62875832,74.0,140.0,260.0,,0.0
2020-07-26,11990782,91.0,,0.0,149.95,410.0
2020-07-26,12062063,98.0,,0.0,179.95,260.0
2020-07-26,84630314,183.0,,0.0,249.95,420.0
2020-07-26,73267284,92.0,205.0,60.0,,0.0
2020-07-26,111708109,92.0,,0.0,119.95,1300.0
2020-07-26,137353695,84.0,180.0,20.0,,0.0
2020-07-26,95208654,29.0,50.0,320.0,,0.0
2020-07-26,130680236,105.0,220.0,30.0,,0.0
2020-08-02,62875832,74.0,140.0,230.0,,0.0
2020-08-02,95208654,29.0,50.0,250.0,,0.0
2020-08-02,111708109,92.0,,0.0,119.95,1010.0
2020-08-02,84630314,185.0,,0.0,249.95,230.0
2020-08-02,12062063,98.0,,0.0,179.95,360.0
2020-08-02,11990782,91.0,,0.0,149.95,470.0
2020-08-02,137353695,84.0,180.0,60.0,,0.0
2020-08-02,73267284,92.0,205.0,70.0,,0.0
2020-08-09,73267284,92.0,205.0,10.0,,0.0
2020-08-09,111708109,92.0,,0.0,119.95,920.0
2020-08-09,137353695,84.0,180.0,60.0,,0.0
2020-08-09,62875832,74.0,140.0,200.0,,0.0
2020-08-09,84630314,187.0,,0.0,249.95,340.0
2020-08-09,11990782,91.0,,0.0,149.95,170.0
2020-08-09,95208654,29.0,50.0,140.0,,0.0
2020-08-09,12062063,98.0,,0.0,179.95,130.0
2020-08-16,62875832,74.0,140.0,370.0,,0.0
2020-08-16,137353695,84.0,180.0,50.0,169.95,10.0
2020-08-16,84630314,187.0,300.0,230.0,249.95,40.0
2020-08-16,11990782,91.0,180.0,160.0,149.95,60.0
2020-08-16,130680236,105.0,220.0,50.0,,0.0
2020-08-16,12062063,98.0,200.0,20.0,174.95,120.0
2020-08-16,111708109,92.0,150.0,140.0,119.95,50.0
2020-08-16,73267284,92.0,,0.0,179.95,60.0
2020-08-16,95208654,29.0,50.0,140.0,,0.0
2020-08-23,111708109,93.0,150.0,90.0,,0.0
2020-08-23,137353695,84.0,,0.0,169.95,110.0
2020-08-23,12062063,98.0,,0.0,179.95,330.0
2020-08-23,84630314,187.0,300.0,260.0,,0.0
2020-08-23,11990782,91.0,180.0,130.0,,0.0
2020-08-23,62875832,74.0,140.0,480.0,,0.0
2020-08-23,95208654,29.0,50.0,330.0,,0.0
2020-08-30,84630314,188.0,300.0,130.0,,0.0
2020-08-30,62875832,74.0,140.0,400.0,,0.0
2020-08-30,73267284,92.0,,0.0,189.95,40.0
2020-08-30,12062063,99.0,,0.0,179.95,390.0
2020-08-30,111708109,94.0,150.0,190.0,,0.0
2020-08-30,95208654,29.0,50.0,270.0,,0.0
2020-08-30,11990782,91.0,180.0,170.0,,0.0
2020-08-30,137353695,84.0,,0.0,169.95,20.0
2020-09-06,62875832,74.0,140.0,420.0,,0.0
2020-09-06,137353695,84.0,,0.0,169.95,70.0
2020-09-06,73267284,92.0,,0.0,189.95,40.0
2020-09-06,12062063,99.0,,0.0,179.95,230.0
2020-09-06,84630314,190.0,300.0,320.0,,0.0
2020-09-06,95208654,30.0,50.0,130.0,,0.0
2020-09-06,11990782,91.0,180.0,220.0,,0.0
2020-09-06,111708109,95.0,150.0,210.0,,0.0
2020-09-13,95208654,30.0,50.0,90.0,44.95,100.0
2020-09-13,12062063,99.0,200.0,240.0,179.95,20.0
2020-09-13,62875832,74.0,140.0,260.0,,0.0
2020-09-13,137353695,84.0,180.0,60.0,,0.0
2020-09-13,84630314,190.0,300.0,220.0,,0.0
2020-09-13,73267284,92.0,205.0,70.0,,0.0
2020-09-13,111708109,95.0,150.0,320.0,139.95,240.0
2020-09-13,11990782,91.0,180.0,80.0,159.95,110.0
2020-09-20,73267284,92.0,205.0,30.0,,0.0
2020-09-20,84630314,190.0,300.0,300.0,,0.0
2020-09-20,95208654,31.0,,0.0,44.95,150.0
2020-09-20,111708109,95.0,,0.0,139.95,400.0
2020-09-20,130680236,105.0,220.0,20.0,,0.0
2020-09-20,62875832,74.0,140.0,10.0,,0.0
2020-09-20,137353695,84.0,180.0,280.0,,0.0
2020-09-20,12062063,99.0,200.0,260.0,,0.0
2020-09-20,11990782,91.0,,0.0,159.95,330.0
2020-09-27,111708109,95.0,,0.0,139.95,730.0
2020-09-27,84630314,190.0,300.0,400.0,,0.0
2020-09-27,12062063,99.0,200.0,310.0,,0.0
2020-09-27,11990782,91.0,,0.0,159.95,330.0
2020-09-27,73267284,92.0,205.0,40.0,,0.0
2020-09-27,95208654,31.0,,0.0,44.95,250.0
2020-09-27,137353695,84.0,180.0,60.0,,0.0
2020-09-27,130680236,105.0,220.0,90.0,,0.0
2020-10-04,84630314,191.0,300.0,200.0,,0.0
2020-10-04,62875832,74.0,140.0,20.0,,0.0
2020-10-04,73267284,92.0,205.0,30.0,,0.0
2020-10-04,137353695,84.0,180.0,100.0,,0.0
2020-10-04,95208654,31.0,,0.0,44.95,300.0
2020-10-04,111708109,95.0,,0.0,139.95,640.0
2020-10-04,11990782,91.0,,0.0,159.95,250.0
2020-10-04,130680236,105.0,220.0,20.0,,0.0
2020-10-11,111708109,95.0,,0.0,139.95,470.0
2020-10-11,11990782,91.0,,0.0,159.95,60.0
2020-10-11,137353695,84.0,180.0,40.0,,0.0
2020-10-11,12062063,99.0,200.0,40.0,,0.0
2020-10-11,130680236,105.0,220.0,10.0,,0.0
2020-10-11,62875832,74.0,140.0,210.0,,0.0
2020-10-11,84630314,191.0,300.0,250.0,,0.0
2020-10-11,95208654,31.0,,0.0,44.95,200.0
2020-10-11,73267284,92.0,205.0,20.0,,0.0
2020-10-18,130680236,105.0,220.0,10.0,,0.0
2020-10-18,11990782,91.0,180.0,70.0,159.95,50.0
2020-10-18,95208654,31.0,50.0,90.0,44.95,40.0
2020-10-18,62875832,74.0,140.0,160.0,,0.0
2020-10-18,137353695,84.0,180.0,20.0,,0.0
2020-10-18,84630314,191.0,300.0,170.0,,0.0
2020-10-18,111708109,95.0,150.0,140.0,139.95,20.0
2020-10-18,12062063,99.0,200.0,290.0,,0.0
2020-10-25,11990782,91.0,,0.0,159.95,210.0
2020-10-25,12062063,99.0,200.0,270.0,,0.0
2020-10-25,62875832,74.0,140.0,360.0,,0.0
2020-10-25,84630314,191.0,300.0,340.0,,0.0
2020-10-25,73267284,92.0,205.0,40.0,,0.0
2020-10-25,95208654,31.0,50.0,550.0,,0.0
2020-10-25,111708109,95.0,150.0,100.0,,0.0
2020-11-01,137353695,84.0,180.0,10.0,,0.0
2020-11-01,130680236,105.0,220.0,30.0,,0.0
2020-11-01,95208654,31.0,50.0,130.0,,0.0
2020-11-01,111708109,95.0,150.0,90.0,,0.0
2020-11-01,12062063,99.0,200.0,370.0,,0.0
2020-11-01,62875832,74.0,140.0,190.0,,0.0
2020-11-01,11990782,91.0,,0.0,159.95,200.0
2020-11-01,84630314,191.0,300.0,250.0,,0.0
2020-11-08,84630314,191.0,300.0,120.0,,0.0
2020-11-08,62875832,74.0,140.0,180.0,,0.0
2020-11-08,111708109,95.0,150.0,110.0,,0.0
2020-11-08,137353695,84.0,180.0,90.0,,0.0
2020-11-08,12062063,99.0,200.0,150.0,,0.0
2020-11-08,11990782,91.0,,0.0,159.95,130.0
2020-11-08,130680236,105.0,220.0,40.0,,0.0
2020-11-08,95208654,31.0,50.0,130.0,,0.0
2020-11-15,84630314,191.0,300.0,150.0,279.95,190.0
2020-11-15,137353695,84.0,180.0,220.0,,0.0
2020-11-15,95208654,31.0,50.0,100.0,,0.0
2020-11-15,73267284,92.0,205.0,40.0,,0.0
2020-11-15,62875832,74.0,140.0,250.0,,0.0
2020-11-15,12062063,99.0,200.0,150.0,159.95,100.0
2020-11-15,11990782,91.0,180.0,50.0,,0.0
2020-11-15,111708109,95.0,150.0,140.0,,0.0
2020-11-15,130680236,105.0,220.0,70.0,,0.0
2020-11-22,11990782,91.0,180.0,180.0,,0.0
2020-11-22,137353695,84.0,180.0,60.0,,0.0
2020-11-22,130680236,105.0,220.0,10.0,,0.0
2020-11-22,62875832,74.0,140.0,620.0,,0.0
2020-11-22,84630314,191.0,,0.0,279.95,450.0
2020-11-22,111708109,95.0,150.0,110.0,,0.0
2020-11-22,73267284,92.0,205.0,40.0,,0.0
2020-11-22,12062063,99.0,,0.0,159.95,510.0
2020-11-22,95208654,31.0,50.0,240.0,,0.0
2020-11-29,11990782,91.0,190.0,90.0,,0.0
2020-11-29,12062063,99.0,,0.0,159.95,230.0
2020-11-29,73267284,92.0,205.0,10.0,,0.0
2020-11-29,84630314,191.0,,0.0,279.95,260.0
2020-11-29,137353695,84.0,190.0,40.0,,0.0
2020-11-29,95208654,31.0,50.0,190.0,,0.0
2020-11-29,111708109,95.0,150.0,40.0,,0.0
2020-11-29,62875832,74.0,140.0,590.0,,0.0
2020-12-06,11990782,91.0,190.0,120.0,,0.0
2020-12-06,137353695,84.0,190.0,20.0,,0.0
2020-12-06,111708109,95.0,150.0,70.0,,0.0
2020-12-06,73267284,92.0,205.0,30.0,,0.0
2020-12-06,130680236,105.0,230.0,50.0,,0.0
2020-12-06,84630314,191.0,,0.0,279.95,250.0
2020-12-06,62875832,74.0,140.0,230.0,,0.0
2020-12-06,95208654,31.0,50.0,70.0,,0.0
2020-12-06,12062063,99.0,,0.0,159.95,260.0
2020-12-13,11990782,91.0,190.0,120.0,,0.0
2020-12-13,62875832,74.0,140.0,190.0,,0.0
2020-12-13,73267284,92.0,205.0,10.0,,0.0
2020-12-13,12062063,99.0,200.0,190.0,159.95,10.0
2020-12-13,84630314,191.0,320.0,90.0,279.95,20.0
2020-12-13,95208654,31.0,50.0,210.0,,0.0
2020-12-13,111708109,95.0,150.0,130.0,,0.0
2020-12-13,137353695,84.0,190.0,50.0,,0.0
2020-12-20,11990782,91.0,190.0,120.0,,0.0
2020-12-20,137353695,84.0,190.0,100.0,,0.0
2020-12-20,95208654,31.0,50.0,50.0,,0.0
2020-12-20,12062063,99.0,200.0,90.0,,0.0
2020-12-20,130680236,105.0,230.0,30.0,,0.0
2020-12-20,84630314,191.0,320.0,50.0,,0.0
2020-12-20,62875832,74.0,140.0,210.0,,0.0
2020-12-20,111708109,95.0,150.0,80.0,,0.0
2020-12-20,73267284,92.0,205.0,40.0,,0.0
2020-12-27,111708109,95.0,150.0,110.0,,0.0
2020-12-27,84630314,191.0,320.0,130.0,,0.0
2020-12-27,73267284,92.0,205.0,140.0,,0.0
2020-12-27,62875832,74.0,,0.0,134.95,260.0
2020-12-27,137353695,84.0,190.0,120.0,,0.0
2020-12-27,95208654,31.0,50.0,90.0,,0.0
2020-12-27,12062063,99.0,200.0,90.0,,0.0
2020-12-27,11990782,91.0,190.0,40.0,,0.0
2021-01-03,84630314,191.0,320.0,200.0,,0.0
2021-01-03,111708109,95.0,150.0,250.0,,0.0
2021-01-03,11990782,91.0,190.0,240.0,,0.0
2021-01-03,12062063,99.0,200.0,160.0,,0.0
2021-01-03,73267284,92.0,205.0,330.0,,0.0
2021-01-03,130680236,105.0,230.0,20.0,,0.0
2021-01-03,95208654,31.0,50.0,200.0,,0.0
2021-01-03,62875832,74.0,,0.0,134.95,210.0
2021-01-03,137353695,84.0,190.0,200.0,,0.0
2021-01-10,11990782,91.0,190.0,240.0,,0.0
2021-01-10,84630314,191.0,320.0,150.0,,0.0
2021-01-10,12062063,99.0,200.0,230.0,,0.0
2021-01-10,95208654,31.0,50.0,270.0,,0.0
2021-01-10,137353695,84.0,190.0,80.0,,0.0
2021-01-10,111708109,95.0,150.0,170.0,,0.0
2021-01-10,62875832,74.0,140.0,320.0,134.95,110.0
2021-01-17,111708109,95.0,150.0,60.0,,0.0
2021-01-17,84630314,191.0,320.0,480.0,,0.0
2021-01-17,137353695,84.0,190.0,150.0,,0.0
2021-01-17,73267284,92.0,205.0,10.0,,0.0
2021-01-17,11990782,91.0,190.0,170.0,,0.0
2021-01-17,62875832,74.0,,0.0,134.95,580.0
2021-01-17,95208654,31.0,50.0,140.0,,0.0
2021-01-17,12062063,99.0,200.0,150.0,,0.0
2021-01-24,111708109,95.0,150.0,40.0,,0.0
2021-01-24,62875832,74.0,,0.0,134.95,1110.0
2021-01-24,95208654,31.0,50.0,200.0,,0.0
2021-01-24,73267284,92.0,205.0,30.0,,0.0
2021-01-24,11990782,91.0,190.0,210.0,,0.0
2021-01-24,84630314,191.0,320.0,150.0,,0.0
2021-01-24,12062063,99.0,200.0,250.0,,0.0
2021-01-24,137353695,84.0,190.0,140.0,,0.0
2021-01-31,137353695,84.0,190.0,440.0,,0.0
2021-01-31,12062063,99.0,200.0,160.0,,0.0
2021-01-31,62875832,74.0,,0.0,134.95,690.0
2021-01-31,111708109,95.0,150.0,70.0,,0.0
2021-01-31,84630314,191.0,320.0,240.0,,0.0
2021-01-31,95208654,31.0,50.0,230.0,,0.0
2021-01-31,11990782,91.0,190.0,170.0,,0.0
2021-01-31,73267284,92.0,205.0,30.0,,0.0
2021-02-07,137353695,84.0,190.0,60.0,,0.0
2021-02-07,95208654,31.0,50.0,120.0,,0.0
2021-02-07,62875832,74.0,,0.0,134.95,500.0
2021-02-07,111708109,95.0,150.0,80.0,,0.0
2021-02-07,12062063,99.0,200.0,290.0,,0.0
2021-02-07,11990782,91.0,190.0,120.0,,0.0
2021-02-07,84630314,191.0,320.0,160.0,,0.0
2021-02-14,95208654,31.0,50.0,140.0,,0.0
2021-02-14,130680236,105.0,230.0,30.0,,0.0
2021-02-14,11990782,91.0,190.0,110.0,,0.0
2021-02-14,12062063,99.0,200.0,90.0,169.95,70.0
2021-02-14,84630314,191.0,320.0,180.0,,0.0
2021-02-14,137353695,84.0,190.0,110.0,,0.0
2021-02-14,62875832,74.0,140.0,190.0,134.95,20.0
2021-02-14,111708109,95.0,150.0,20.0,,0.0
2021-02-21,95208654,31.0,50.0,80.0,,0.0
2021-02-21,62875832,63.0,140.0,470.0,,0.0
2021-02-21,84630314,164.0,320.0,260.0,,0.0
2021-02-21,11990782,76.0,190.0,180.0,,0.0
2021-02-21,12062063,85.0,,0.0,169.95,280.0
2021-02-21,137353695,84.0,190.0,10.0,,0.0
2021-02-21,130680236,105.0,230.0,10.0,,0.0
2021-02-21,111708109,95.0,150.0,30.0,144.95,70.0
2021-02-28,62875832,74.0,140.0,320.0,,0.0
2021-02-28,84630314,191.0,320.0,130.0,,0.0
2021-02-28,137353695,84.0,190.0,30.0,,0.0
2021-02-28,12062063,99.0,,0.0,169.95,280.0
2021-02-28,130680236,105.0,230.0,60.0,,0.0
2021-02-28,111708109,95.0,,0.0,144.95,340.0
2021-02-28,73267284,92.0,205.0,20.0,,0.0
2021-02-28,11990782,91.0,190.0,180.0,,0.0
2021-02-28,95208654,31.0,56.0,160.0,,0.0
2021-03-07,137353695,84.0,190.0,40.0,,0.0
2021-03-07,62875832,74.0,140.0,200.0,,0.0
2021-03-07,95208654,32.0,56.0,160.0,,0.0
2021-03-07,130680236,105.0,230.0,10.0,,0.0
2021-03-07,84630314,192.0,320.0,190.0,,0.0
2021-03-07,111708109,95.0,,0.0,144.95,210.0
2021-03-07,12062063,99.0,,0.0,169.95,320.0
2021-03-07,11990782,91.0,190.0,170.0,,0.0
2021-03-07,73267284,92.0,205.0,60.0,,0.0
2021-03-14,12062063,99.0,200.0,180.0,,0.0
2021-03-14,62875832,74.0,140.0,200.0,,0.0
2021-03-14,84630314,191.0,320.0,160.0,,0.0
2021-03-14,137353695,84.0,190.0,20.0,,0.0
2021-03-14,11990782,91.0,190.0,80.0,,0.0
2021-03-14,111708109,95.0,150.0,70.0,125.0,110.0
2021-03-14,73267284,92.0,205.0,20.0,189.95,30.0
2021-03-14,95208654,32.0,56.0,100.0,,0.0
2021-03-21,12062063,99.0,200.0,200.0,,0.0
2021-03-21,130680236,105.0,230.0,20.0,,0.0
2021-03-21,11990782,91.0,190.0,200.0,,0.0
2021-03-21,84630314,192.0,320.0,200.0,,0.0
2021-03-21,62875832,74.0,140.0,120.0,,0.0
2021-03-21,111708109,95.0,,0.0,125.0,580.0
2021-03-21,137353695,84.0,190.0,60.0,,0.0
2021-03-21,95208654,33.0,56.0,110.0,,0.0
2021-03-28,137353695,84.0,190.0,20.0,,0.0
2021-03-28,111708109,95.0,150.0,10.0,125.0,510.0
2021-03-28,11990782,91.0,190.0,70.0,,0.0
2021-03-28,130680236,105.0,230.0,40.0,,0.0
2021-03-28,62875832,74.0,140.0,160.0,,0.0
2021-03-28,84630314,193.0,320.0,430.0,,0.0
2021-03-28,12062063,99.0,200.0,190.0,,0.0
2021-03-28,95208654,33.0,56.0,100.0,,0.0
2021-03-28,73267284,92.0,,0.0,189.95,240.0
2021-04-04,62875832,74.0,140.0,80.0,,0.0
2021-04-04,137353695,84.0,190.0,20.0,,0.0
2021-04-04,84630314,195.0,330.0,170.0,,0.0
2021-04-04,73267284,92.0,,0.0,189.95,150.0
2021-04-04,12062063,99.0,200.0,220.0,,0.0
2021-04-04,95208654,33.0,56.0,40.0,,0.0
2021-04-04,11990782,91.0,190.0,90.0,,0.0
2021-04-04,130680236,105.0,230.0,20.0,,0.0
2021-04-04,111708109,95.0,150.0,20.0,125.0,560.0
2021-04-11,84630314,196.0,330.0,240.0,,0.0
2021-04-11,130680236,105.0,230.0,10.0,,0.0
2021-04-11,12062063,99.0,200.0,160.0,,0.0
2021-04-11,73267284,95.0,,0.0,189.95,190.0
2021-04-11,62875832,74.0,140.0,130.0,,0.0
2021-04-11,137353695,84.0,190.0,50.0,,0.0
2021-04-11,111708109,94.0,,0.0,125.0,680.0
2021-04-11,11990782,91.0,190.0,70.0,,0.0
2021-04-11,95208654,33.0,56.0,140.0,,0.0
2021-04-18,73267284,95.0,216.0,10.0,197.45,70.0
2021-04-18,84630314,196.0,330.0,130.0,,0.0
2021-04-18,95208654,33.0,56.0,140.0,,0.0
2021-04-18,130680236,105.0,230.0,50.0,,0.0
2021-04-18,12062063,99.0,200.0,290.0,,0.0
2021-04-18,62875832,74.0,140.0,230.0,,0.0
2021-04-18,11990782,91.0,190.0,120.0,,0.0
2021-04-18,111708109,94.0,150.0,170.0,125.0,250.0
2021-04-25,130680236,105.0,230.0,10.0,,0.0
2021-04-25,111708109,94.0,150.0,290.0,,0.0
2021-04-25,95208654,33.0,56.0,200.0,,0.0
2021-04-25,73267284,95.0,,0.0,199.95,110.0
2021-04-25,12062063,99.0,200.0,230.0,,0.0
2021-04-25,137353695,84.0,190.0,20.0,,0.0
2021-04-25,62875832,74.0,140.0,190.0,,0.0
2021-04-25,84630314,196.0,330.0,150.0,,0.0
2021-04-25,11990782,91.0,190.0,110.0,,0.0
2021-05-02,137353695,84.0,190.0,40.0,,0.0
2021-05-02,95208654,34.0,59.0,140.0,,0.0
2021-05-02,111708109,94.0,150.0,200.0,,0.0
2021-05-02,84630314,197.0,330.0,110.0,,0.0
2021-05-02,11990782,91.0,190.0,80.0,,0.0
2021-05-02,130680236,105.0,230.0,40.0,,0.0
2021-05-02,62875832,73.0,140.0,270.0,,0.0
2021-05-02,73267284,95.0,,0.0,199.95,140.0
2021-05-02,12062063,99.0,200.0,180.0,,0.0
2021-05-09,12062063,99.0,200.0,160.0,,0.0
2021-05-09,62875832,73.0,140.0,270.0,,0.0
2021-05-09,111708109,94.0,150.0,50.0,125.0,420.0
2021-05-09,11990782,91.0,190.0,110.0,,0.0
2021-05-09,84630314,197.0,330.0,80.0,,0.0
2021-05-09,73267284,95.0,216.0,10.0,199.95,50.0
2021-05-09,95208654,34.0,59.0,210.0,,0.0
2021-05-16,11990782,91.0,190.0,50.0,,0.0
2021-05-16,137353695,84.0,,0.0,169.95,40.0
2021-05-16,12062063,99.0,200.0,140.0,,0.0
2021-05-16,111708109,94.0,,0.0,125.0,1030.0
2021-05-16,73267284,95.0,216.0,80.0,,0.0
2021-05-16,95208654,34.0,63.0,60.0,,0.0
2021-05-16,62875832,73.0,140.0,70.0,,0.0
2021-05-16,84630314,197.0,330.0,170.0,,0.0
2021-05-23,73267284,95.0,216.0,40.0,,0.0
2021-05-23,111708109,94.0,,0.0,125.0,1050.0
2021-05-23,137353695,84.0,,0.0,169.95,60.0
2021-05-23,62875832,73.0,140.0,150.0,,0.0
2021-05-23,12062063,99.0,200.0,200.0,,0.0
2021-05-23,11990782,91.0,190.0,40.0,,0.0
2021-05-23,95208654,34.0,63.0,90.0,,0.0
2021-05-23,130680236,105.0,230.0,200.0,,0.0
2021-05-23,84630314,197.0,330.0,230.0,,0.0
2021-05-30,111708109,94.0,,0.0,125.0,980.0
2021-05-30,137353695,84.0,,0.0,169.95,70.0
2021-05-30,95208654,34.0,63.0,140.0,,0.0
2021-05-30,130680236,105.0,240.0,30.0,,0.0
2021-05-30,62875832,73.0,140.0,160.0,,0.0
2021-05-30,73267284,95.0,216.0,10.0,,0.0
2021-05-30,12062063,99.0,200.0,210.0,,0.0
2021-05-30,11990782,91.0,200.0,80.0,,0.0
2021-05-30,84630314,197.0,330.0,150.0,,0.0
2021-06-06,73267284,95.0,216.0,90.0,,0.0
2021-06-06,111708109,94.0,150.0,110.0,125.0,770.0
2021-06-06,130680236,105.0,240.0,10.0,209.95,10.0
2021-06-06,62875832,73.0,140.0,60.0,,0.0
2021-06-06,11990782,91.0,200.0,50.0,,0.0
2021-06-06,12062063,99.0,205.0,90.0,179.95,80.0
2021-06-06,95208654,34.0,63.0,80.0,,140.0
2021-06-06,137353695,84.0,200.0,30.0,169.95,20.0
2021-06-06,84630314,197.0,330.0,130.0,,0.0
2021-06-13,130680236,105.0,,0.0,209.95,10.0
2021-06-13,73267284,95.0,216.0,120.0,,0.0
2021-06-13,137353695,84.0,200.0,120.0,,0.0
2021-06-13,84630314,197.0,330.0,100.0,,0.0
2021-06-13,111708109,94.0,150.0,470.0,,0.0
2021-06-13,62875832,73.0,140.0,100.0,,0.0
2021-06-13,12062063,99.0,,0.0,179.95,140.0
2021-06-13,11990782,92.0,200.0,140.0,,0.0
2021-06-13,95208654,34.0,63.0,30.0,59.63,30.0
2021-06-20,62875832,73.0,140.0,300.0,,0.0
2021-06-20,130680236,105.0,,0.0,209.95,50.0
2021-06-20,111708109,94.0,150.0,310.0,,0.0
2021-06-20,95208654,34.0,63.0,10.0,57.98,90.0
2021-06-20,137353695,84.0,200.0,140.0,,0.0
2021-06-20,73267284,95.0,216.0,220.0,,0.0
2021-06-20,12062063,99.0,,0.0,179.95,330.0
2021-06-20,11990782,92.0,200.0,150.0,,0.0
2021-06-20,84630314,197.0,330.0,160.0,,0.0
2021-06-27,95208654,34.0,63.0,10.0,59.63,160.0
2021-06-27,11990782,92.0,200.0,140.0,,0.0
2021-06-27,12062063,99.0,,0.0,179.95,300.0
2021-06-27,84630314,197.0,330.0,320.0,,0.0
2021-06-27,62875832,73.0,140.0,260.0,,0.0
2021-06-27,111708109,94.0,150.0,420.0,,0.0
2021-06-27,73267284,95.0,216.0,90.0,,0.0
2021-06-27,137353695,84.0,200.0,420.0,,0.0
2021-07-04,12062063,99.0,,0.0,179.95,230.0
2021-07-04,62875832,73.0,140.0,160.0,,0.0
2021-07-04,137353695,84.0,200.0,50.0,,0.0
2021-07-04,84630314,197.0,330.0,180.0,,0.0
2021-07-04,95208654,34.0,63.0,50.0,,40.0
2021-07-04,111708109,94.0,150.0,450.0,,0.0
2021-07-04,11990782,92.0,200.0,230.0,,0.0
2021-07-04,73267284,95.0,216.0,90.0,,0.0
2021-07-11,11990782,92.0,200.0,150.0,149.95,70.0
2021-07-11,95208654,34.0,63.0,80.0,,0.0
2021-07-11,84630314,197.0,330.0,210.0,,0.0
2021-07-11,111708109,94.0,150.0,60.0,,690.0
2021-07-11,62875832,73.0,140.0,440.0,,0.0
2021-07-11,12062063,99.0,205.0,110.0,179.95,60.0
2021-07-11,73267284,95.0,216.0,20.0,199.95,20.0
2021-07-11,137353695,84.0,200.0,60.0,,0.0
2021-07-18,12062063,99.0,205.0,220.0,,0.0
2021-07-18,95208654,34.0,63.0,140.0,,0.0
2021-07-18,62875832,73.0,140.0,210.0,,0.0
2021-07-18,11990782,92.0,,0.0,149.95,140.0
2021-07-18,84630314,197.0,330.0,160.0,,0.0
2021-07-18,137353695,84.0,200.0,50.0,,0.0
2021-07-18,111708109,94.0,,0.0,125.0,810.0
2021-07-18,73267284,95.0,,0.0,199.95,90.0
2021-07-25,84630314,197.0,330.0,150.0,,0.0
2021-07-25,11990782,92.0,,0.0,149.95,260.0
2021-07-25,137353695,84.0,200.0,60.0,,0.0
2021-07-25,12062063,99.0,205.0,260.0,,0.0
2021-07-25,111708109,94.0,,0.0,125.0,570.0
2021-07-25,73267284,95.0,,0.0,199.95,90.0
2021-07-25,62875832,73.0,140.0,250.0,,0.0
2021-07-25,95208654,34.0,63.0,100.0,,0.0
2021-08-01,11990782,92.0,,0.0,149.95,130.0
2021-08-01,73267284,95.0,,0.0,199.95,10.0
2021-08-01,84630314,197.0,330.0,190.0,,0.0
2021-08-01,62875832,73.0,140.0,140.0,,0.0
2021-08-01,137353695,84.0,200.0,110.0,,0.0
2021-08-01,12062063,99.0,205.0,190.0,,0.0
2021-08-01,111708109,94.0,150.0,20.0,125.0,860.0
2021-08-01,95208654,34.0,63.0,30.0,,50.0
2021-08-08,95208654,34.0,,0.0,49.95,140.0
2021-08-08,62875832,73.0,140.0,160.0,,0.0
2021-08-08,12062063,99.0,205.0,220.0,,0.0
2021-08-08,73267284,95.0,,0.0,199.95,90.0
2021-08-08,84630314,197.0,330.0,180.0,,0.0
2021-08-08,111708109,94.0,150.0,40.0,125.0,450.0
2021-08-08,137353695,84.0,200.0,50.0,,0.0
2021-08-08,11990782,92.0,,0.0,149.95,120.0
2021-08-15,73267284,95.0,216.0,70.0,,0.0
2021-08-15,137353695,84.0,200.0,10.0,,0.0
2021-08-15,95208654,34.0,,0.0,49.95,130.0
2021-08-15,12062063,99.0,205.0,190.0,,0.0
2021-08-15,11990782,92.0,200.0,30.0,,0.0
2021-08-15,111708109,94.0,150.0,100.0,125.0,290.0
2021-08-15,84630314,197.0,330.0,90.0,,0.0
2021-08-15,62875832,73.0,140.0,120.0,,0.0
2021-08-22,95208654,34.0,,0.0,49.95,150.0
2021-08-22,62875832,73.0,140.0,190.0,,0.0
2021-08-22,12062063,99.0,205.0,230.0,,0.0
2021-08-22,137353695,84.0,200.0,160.0,,0.0
2021-08-22,11990782,92.0,200.0,130.0,,0.0
2021-08-22,84630314,197.0,330.0,160.0,,0.0
2021-08-22,73267284,95.0,216.0,20.0,,0.0
2021-08-22,111708109,94.0,150.0,350.0,,0.0
2021-08-29,73267284,95.0,216.0,40.0,,0.0
2021-08-29,11990782,91.0,200.0,140.0,,0.0
2021-08-29,84630314,197.0,330.0,300.0,,0.0
2021-08-29,62875832,73.0,140.0,180.0,,0.0
2021-08-29,111708109,94.0,150.0,330.0,,0.0
2021-08-29,137353695,84.0,200.0,20.0,,0.0
2021-08-29,12062063,99.0,205.0,280.0,,0.0
2021-08-29,95208654,34.0,63.0,30.0,49.95,70.0
2021-09-05,11990782,91.0,200.0,90.0,,0.0
2021-09-05,130680236,110.0,240.0,20.0,,0.0
2021-09-05,84630314,195.0,330.0,140.0,,0.0
2021-09-05,12062063,99.0,205.0,180.0,,0.0
2021-09-05,95208654,34.0,63.0,40.0,,0.0
2021-09-05,111708109,94.0,150.0,320.0,,0.0
2021-09-05,62875832,73.0,140.0,170.0,,0.0
2021-09-05,137353695,14.0,200.0,20.0,,0.0
2021-09-12,95208654,34.0,63.0,100.0,,0.0
2021-09-12,111708109,94.0,150.0,130.0,125.0,200.0
2021-09-12,12062063,99.0,205.0,200.0,,0.0
2021-09-12,62875832,73.0,140.0,380.0,,0.0
2021-09-12,84630314,192.0,330.0,120.0,286.95,90.0
2021-09-12,73267284,95.0,216.0,10.0,,0.0
2021-09-12,130680236,110.0,240.0,30.0,,0.0
2021-09-12,137353695,14.0,200.0,130.0,,0.0
2021-09-12,11990782,91.0,,0.0,169.95,220.0
2021-09-19,12062063,99.0,205.0,110.0,,0.0
2021-09-19,137353695,14.0,200.0,30.0,,0.0
2021-09-19,84630314,191.0,,0.0,286.95,80.0
2021-09-19,111708109,94.0,,0.0,125.0,850.0
2021-09-19,11990782,91.0,,0.0,169.95,240.0
2021-09-19,95208654,35.0,63.0,30.0,,0.0
2021-09-19,73267284,95.0,216.0,30.0,,0.0
2021-09-19,62875832,73.0,140.0,170.0,,0.0
2021-09-26,95208654,35.0,63.0,140.0,,0.0
2021-09-26,62875832,73.0,140.0,100.0,,0.0
2021-09-26,12062063,99.0,205.0,310.0,,0.0
2021-09-26,137353695,14.0,200.0,70.0,,0.0
2021-09-26,84630314,191.0,,0.0,286.95,170.0
2021-09-26,111708109,94.0,,0.0,125.0,610.0
2021-09-26,11990782,91.0,,0.0,169.95,170.0
2021-09-26,73267284,95.0,216.0,10.0,,0.0
2021-10-03,84630314,191.0,,0.0,286.95,130.0
2021-10-03,137353695,14.0,200.0,30.0,,0.0
2021-10-03,95208654,36.0,63.0,70.0,,0.0
2021-10-03,111708109,94.0,150.0,20.0,125.0,610.0
2021-10-03,12062063,99.0,205.0,200.0,,0.0
2021-10-03,11990782,91.0,,0.0,169.95,280.0
2021-10-03,73267284,95.0,216.0,10.0,,0.0
2021-10-03,62875832,73.0,140.0,90.0,,0.0
2021-10-10,73267284,95.0,216.0,10.0,,0.0
2021-10-10,12062063,99.0,205.0,170.0,,0.0
2021-10-10,111708109,94.0,,0.0,125.0,500.0
2021-10-10,95208654,36.0,60.0,80.0,,0.0
2021-10-10,62875832,73.0,140.0,100.0,,0.0
2021-10-10,137353695,61.0,200.0,70.0,,0.0
2021-10-10,11990782,91.0,,0.0,169.95,220.0
2021-10-10,84630314,190.0,,0.0,286.95,150.0
2021-10-17,11990782,91.0,200.0,80.0,169.95,40.0
2021-10-17,111708109,94.0,150.0,310.0,125.0,40.0
2021-10-17,84630314,190.0,330.0,80.0,,0.0
2021-10-17,62875832,73.0,140.0,130.0,,0.0
2021-10-17,95208654,37.0,60.0,100.0,57.95,60.0
2021-10-17,12062063,99.0,205.0,140.0,,0.0
2021-10-24,111708109,94.0,150.0,170.0,,0.0
2021-10-24,84630314,190.0,330.0,170.0,,0.0
2021-10-24,11990782,91.0,200.0,80.0,,0.0
2021-10-24,12062063,99.0,205.0,70.0,,0.0
2021-10-24,62875832,73.0,140.0,450.0,,0.0
2021-10-24,73267284,95.0,216.0,10.0,,0.0
2021-10-24,95208654,37.0,,0.0,57.95,130.0
2021-10-31,137353695,84.0,200.0,40.0,,0.0
2021-10-31,11990782,91.0,200.0,120.0,,0.0
2021-10-31,95208654,38.0,,0.0,57.95,80.0
2021-10-31,111708109,95.0,150.0,280.0,,0.0
2021-10-31,84630314,190.0,330.0,110.0,,0.0
2021-10-31,12062063,99.0,205.0,80.0,,0.0
2021-10-31,62875832,73.0,140.0,80.0,,0.0
2021-11-07,111708109,95.0,150.0,260.0,,0.0
2021-11-07,11990782,91.0,200.0,120.0,,0.0
2021-11-07,12062063,99.0,205.0,100.0,,0.0
2021-11-07,84630314,190.0,330.0,80.0,,0.0
2021-11-07,62875832,75.0,140.0,150.0,,0.0
2021-11-07,137353695,84.0,200.0,70.0,,0.0
2021-11-07,95208654,40.0,,0.0,57.95,120.0
2021-11-14,95208654,40.0,60.0,260.0,,0.0
2021-11-14,73267284,95.0,216.0,40.0,,0.0
2021-11-14,111708109,96.0,150.0,200.0,,0.0
2021-11-14,84630314,190.0,330.0,90.0,299.95,50.0
2021-11-14,62875832,76.0,140.0,10.0,129.95,180.0
2021-11-14,12062063,99.0,205.0,80.0,,0.0
2021-11-14,11990782,87.0,200.0,140.0,,0.0
2021-11-14,137353695,84.0,200.0,30.0,,0.0
2021-11-21,111708109,96.0,150.0,30.0,119.95,720.0
2021-11-21,95208654,40.0,60.0,10.0,39.97,530.0
2021-11-21,84630314,193.0,,0.0,299.95,260.0
2021-11-21,12062063,99.0,205.0,20.0,149.95,590.0
2021-11-21,11990782,87.0,200.0,10.0,169.95,180.0
2021-11-21,137353695,84.0,200.0,50.0,,0.0
2021-11-21,62875832,76.0,,0.0,129.95,460.0
2021-11-21,73267284,95.0,216.0,20.0,,0.0
2021-11-28,111708109,96.0,150.0,120.0,119.95,100.0
2021-11-28,95208654,41.0,60.0,130.0,,50.0
2021-11-28,11990782,89.0,200.0,150.0,169.95,20.0
2021-11-28,62875832,76.0,,0.0,129.95,500.0
2021-11-28,84630314,210.0,,0.0,299.95,150.0
2021-11-28,137353695,84.0,200.0,160.0,,0.0
2021-11-28,12062063,99.0,205.0,210.0,149.95,130.0
2021-12-05,95208654,42.0,60.0,90.0,,0.0
2021-12-05,73267284,95.0,216.0,10.0,,0.0
2021-12-05,11990782,93.0,200.0,170.0,,0.0
2021-12-05,137353695,84.0,200.0,40.0,,0.0
2021-12-05,12062063,99.0,205.0,190.0,,0.0
2021-12-05,62875832,77.0,,0.0,129.95,470.0
2021-12-05,130680236,110.0,240.0,40.0,,0.0
2021-12-05,111708109,96.0,150.0,140.0,,0.0
2021-12-05,84630314,210.0,,0.0,299.95,240.0
2021-12-12,137353695,84.0,200.0,70.0,,0.0
2021-12-12,95208654,42.0,60.0,60.0,,0.0
2021-12-12,84630314,210.0,330.0,130.0,299.95,20.0
2021-12-12,12062063,99.0,205.0,210.0,,0.0
2021-12-12,62875832,77.0,140.0,80.0,129.95,220.0
2021-12-12,73267284,95.0,216.0,50.0,,0.0
2021-12-12,111708109,96.0,150.0,110.0,,0.0
2021-12-12,11990782,93.0,200.0,120.0,,0.0
2021-12-19,12062063,99.0,205.0,60.0,,0.0
2021-12-19,111708109,96.0,170.0,30.0,,0.0
2021-12-19,84630314,210.0,330.0,140.0,,0.0
2021-12-19,62875832,77.0,140.0,180.0,,0.0
2021-12-19,95208654,42.0,60.0,110.0,,0.0
2021-12-19,137353695,84.0,200.0,60.0,,0.0
2021-12-19,11990782,93.0,200.0,90.0,,0.0
2021-12-19,73267284,95.0,216.0,60.0,,0.0
2021-12-26,12062063,99.0,205.0,70.0,,0.0
2021-12-26,11990782,93.0,200.0,50.0,,0.0
2021-12-26,73267284,95.0,216.0,60.0,,0.0
2021-12-26,95208654,42.0,60.0,80.0,,0.0
2021-12-26,137353695,84.0,200.0,30.0,,0.0
2021-12-26,84630314,210.0,330.0,100.0,,0.0
2021-12-26,62875832,77.0,140.0,100.0,,0.0
2021-12-26,130680236,110.0,240.0,30.0,,0.0
2021-12-26,111708109,98.0,170.0,90.0,,0.0
2022-01-02,73267284,95.0,216.0,80.0,,0.0
2022-01-02,95208654,42.0,60.0,50.0,,0.0
2022-01-02,12062063,99.0,205.0,260.0,,0.0
2022-01-02,111708109,98.0,170.0,60.0,,0.0
2022-01-02,62875832,77.0,140.0,80.0,,0.0
2022-01-02,84630314,210.0,330.0,90.0,,0.0
2022-01-02,11990782,94.0,200.0,240.0,,0.0
2022-01-02,130680236,110.0,240.0,10.0,,0.0
2022-01-09,111708109,98.0,170.0,80.0,,0.0
2022-01-09,137353695,84.0,200.0,20.0,,0.0
2022-01-09,73267284,95.0,216.0,50.0,,0.0
2022-01-09,11990782,96.0,200.0,110.0,,0.0
2022-01-09,130680236,110.0,240.0,20.0,,0.0
2022-01-09,62875832,77.0,140.0,310.0,,0.0
2022-01-09,95208654,42.0,60.0,130.0,,0.0
2022-01-09,12062063,99.0,205.0,160.0,,0.0
2022-01-09,84630314,207.0,330.0,180.0,,0.0
2022-01-16,95208654,42.0,60.0,50.0,,0.0
2022-01-16,62875832,78.0,140.0,150.0,,0.0
2022-01-16,12062063,99.0,205.0,100.0,,0.0
2022-01-16,130680236,110.0,240.0,10.0,,0.0
2022-01-16,73267284,95.0,216.0,90.0,,0.0
2022-01-16,84630314,199.0,330.0,170.0,,0.0
2022-01-16,111708109,98.0,170.0,80.0,,0.0
2022-01-16,11990782,96.0,200.0,10.0,169.96,190.0
2022-01-16,137353695,84.0,200.0,10.0,,0.0
2022-01-23,95208654,42.0,60.0,110.0,,0.0
2022-01-23,137353695,84.0,200.0,20.0,,0.0
2022-01-23,111708109,98.0,170.0,40.0,,0.0
2022-01-23,62875832,78.0,140.0,130.0,,0.0
2022-01-23,12062063,99.0,210.0,140.0,,0.0
2022-01-23,11990782,96.0,,0.0,169.96,300.0
2022-01-23,84630314,199.0,330.0,150.0,,0.0
2022-01-23,73267284,95.0,216.0,20.0,,0.0
2022-01-30,137353695,84.0,200.0,20.0,,0.0
2022-01-30,12062063,99.0,210.0,100.0,,0.0
2022-01-30,62875832,78.0,140.0,230.0,,0.0
2022-01-30,11990782,98.0,,0.0,169.96,330.0
2022-01-30,111708109,98.0,185.0,40.0,,0.0
2022-01-30,84630314,199.0,330.0,190.0,,0.0
2022-01-30,73267284,95.0,216.0,40.0,,0.0
2022-01-30,95208654,42.0,60.0,80.0,,0.0
2022-02-06,84630314,199.0,330.0,200.0,,0.0
2022-02-06,111708109,98.0,185.0,50.0,,0.0
2022-02-06,137353695,84.0,200.0,90.0,,0.0
2022-02-06,95208654,42.0,60.0,60.0,,0.0
2022-02-06,73267284,95.0,216.0,40.0,,0.0
2022-02-06,11990782,99.0,,0.0,169.96,220.0
2022-02-06,12062063,100.0,210.0,110.0,,0.0
2022-02-06,130680236,110.0,240.0,40.0,,0.0
2022-02-06,62875832,78.0,140.0,310.0,,0.0
2022-02-13,137353695,84.0,200.0,20.0,,0.0
2022-02-13,11990782,100.0,,0.0,169.95,80.0
2022-02-13,12062063,100.0,210.0,40.0,,0.0
2022-02-13,130680236,110.0,240.0,20.0,,0.0
2022-02-13,73267284,95.0,216.0,40.0,,0.0
2022-02-13,84630314,199.0,330.0,70.0,,0.0
2022-02-13,95208654,42.0,60.0,20.0,,0.0
2022-02-13,111708109,98.0,185.0,10.0,,0.0
2022-02-13,62875832,78.0,140.0,90.0,,0.0